<?xml version="1.0" encoding="UTF-8"?>
<beans xmlns="http://www.springframework.org/schema/beans"
 xmlns:xsi="http://www.w3.org/2001/XMLSchema-instance"
 xmlns:security="http://www.springframework.org/schema/security"
  xsi:schemaLocation="http://www.springframework.org/schema/beans
 http://www.springframework.org/schema/beans/spring-beans.xsd
 http://www.springframework.org/schema/security
 http://www.springframework.org/schema/security/spring-security.xsd">

<!--  enable use-expressions -->
	
	<security:http auto-config="true" use-expressions="true">

		<security:intercept-url pattern="/admin**" access="hasRole('ROLE_ADMIN')" />

		<!--  access denied page -->
		<security:access-denied-handler error-page="/403" />

		<security:form-login
			 login-page="/login" 
			default-target-url="/"
			authentication-failure-url="/login?error" 
			username-parameter="j_username"
			password-parameter="j_password" />
		<security:logout logout-success-url="/login?logout" />
		<!--  enable csrf protection -->
		<security:csrf />
	</security:http>

	<!--  Select users and user_roles from database -->
	<security:authentication-manager>
   	<security:authentication-provider>
   		<security:user-service>
   			<security:user name="admin" password="admin" authorities="ROLE_ADMIN" />
   			<security:user name="Praise" password="123" authorities="USER" /> 
   		</security:user-service>
   	</security:authentication-provider>
   </security:authentication-manager>

</beans>
	 